{
  "tech_stack": [
    {
      "name": "React",
      "logo": "react.svg"
    },
    {
      "name": "TypeScript",
      "logo": " typescript.svg"
    },
    {
      "name": "JavaScript",
      "logo": " javascript.svg"
    },
    {
      "name": "SAPUI5",
      "logo": " sapui5.svg"
    },
    {
      "name": "Node.js",
      "logo": " node.svg"
    },
    {
      "name": "Java",
      "logo": " java.svg"
    },
    {
      "name": "Spring",
      "logo": " spring.svg"
    },
    {
      "name": "CAP (SAP Cloud Application Programming Model)",
      "logo": " cap.svg"
    },
    {
      "name": "Jest",
      "logo": " jest.svg"
    },
    {
      "name": "QUnit",
      "logo": " qunit.png"
    },
    {
      "name": "GitHub Actions",
      "logo": " actions.svg"
    },
    {
      "name": "GitHub",
      "logo": " github.png"
    }
  ]
}
